"region","data_origin","year","variable","response","percentage"
"Amazonas","INEI",2007,"Acceso a TIC","No accede",0.798951955
"Ancash","INEI",2007,"Acceso a TIC","No accede",0.560716222
"Apurimac","INEI",2007,"Acceso a TIC","No accede",0.818601156
"Arequipa","INEI",2007,"Acceso a TIC","No accede",0.392133388
"Ayacucho","INEI",2007,"Acceso a TIC","No accede",0.785555358
"Cajamarca","INEI",2007,"Acceso a TIC","No accede",0.769989589
"Callao","INEI",2007,"Acceso a TIC","No accede",0.188506927
"Cusco","INEI",2007,"Acceso a TIC","No accede",0.658220769
"Huancavelica","INEI",2007,"Acceso a TIC","No accede",0.921439145
"Huanuco","INEI",2007,"Acceso a TIC","No accede",0.781172018
"Ica","INEI",2007,"Acceso a TIC","No accede",0.351859225
"Junin","INEI",2007,"Acceso a TIC","No accede",0.604327579
"La Libertad","INEI",2007,"Acceso a TIC","No accede",0.445211282
"Lambayeque","INEI",2007,"Acceso a TIC","No accede",0.380143661
"Lima","INEI",2007,"Acceso a TIC","No accede",0.207224647
"Loreto","INEI",2007,"Acceso a TIC","No accede",0.689274394
"Madre De Dios","INEI",2007,"Acceso a TIC","No accede",0.551502146
"Moquegua","INEI",2007,"Acceso a TIC","No accede",0.453288254
"Pasco","INEI",2007,"Acceso a TIC","No accede",0.681188237
"Piura","INEI",2007,"Acceso a TIC","No accede",0.540315896
"Puno","INEI",2007,"Acceso a TIC","No accede",0.747969359
"San Martin","INEI",2007,"Acceso a TIC","No accede",0.665491863
"Tacna","INEI",2007,"Acceso a TIC","No accede",0.38349898
"Tumbes","INEI",2007,"Acceso a TIC","No accede",0.361523848
"Ucayali","INEI",2007,"Acceso a TIC","No accede",0.574158101
"Amazonas","INEI",2017,"Acceso a TIC","No accede",0.29730636
"Ancash","INEI",2017,"Acceso a TIC","No accede",0.184058586
"Apurimac","INEI",2017,"Acceso a TIC","No accede",0.283336507
"Arequipa","INEI",2017,"Acceso a TIC","No accede",0.070280738
"Ayacucho","INEI",2017,"Acceso a TIC","No accede",0.215670963
"Cajamarca","INEI",2017,"Acceso a TIC","No accede",0.247206831
"Callao","INEI",2017,"Acceso a TIC","No accede",0.045885482
"Cusco","INEI",2017,"Acceso a TIC","No accede",0.219433087
"Huancavelica","INEI",2017,"Acceso a TIC","No accede",0.315040842
"Huanuco","INEI",2017,"Acceso a TIC","No accede",0.250999012
"Ica","INEI",2017,"Acceso a TIC","No accede",0.095984675
"Junin","INEI",2017,"Acceso a TIC","No accede",0.180510876
"La Libertad","INEI",2017,"Acceso a TIC","No accede",0.130954566
"Lambayeque","INEI",2017,"Acceso a TIC","No accede",0.106975374
"Lima","INEI",2017,"Acceso a TIC","No accede",0.044265262
"Loreto","INEI",2017,"Acceso a TIC","No accede",0.323364771
"Madre De Dios","INEI",2017,"Acceso a TIC","No accede",0.100188351
"Moquegua","INEI",2017,"Acceso a TIC","No accede",0.106301481
"Pasco","INEI",2017,"Acceso a TIC","No accede",0.217523881
"Piura","INEI",2017,"Acceso a TIC","No accede",0.202412896
"Puno","INEI",2017,"Acceso a TIC","No accede",0.283883856
"San Martin","INEI",2017,"Acceso a TIC","No accede",0.171567923
"Tacna","INEI",2017,"Acceso a TIC","No accede",0.082419265
"Tumbes","INEI",2017,"Acceso a TIC","No accede",0.109348541
"Ucayali","INEI",2017,"Acceso a TIC","No accede",0.21227588
"Amazonas","INEI",2007,"Acceso a TIC","Accede",0.201048045
"Ancash","INEI",2007,"Acceso a TIC","Accede",0.439283778
"Apurimac","INEI",2007,"Acceso a TIC","Accede",0.181398844
"Arequipa","INEI",2007,"Acceso a TIC","Accede",0.607866612
"Ayacucho","INEI",2007,"Acceso a TIC","Accede",0.214444642
"Cajamarca","INEI",2007,"Acceso a TIC","Accede",0.230010411
"Callao","INEI",2007,"Acceso a TIC","Accede",0.811493073
"Cusco","INEI",2007,"Acceso a TIC","Accede",0.341779231
"Huancavelica","INEI",2007,"Acceso a TIC","Accede",0.078560855
"Huanuco","INEI",2007,"Acceso a TIC","Accede",0.218827982
"Ica","INEI",2007,"Acceso a TIC","Accede",0.648140775
"Junin","INEI",2007,"Acceso a TIC","Accede",0.395672421
"La Libertad","INEI",2007,"Acceso a TIC","Accede",0.554788718
"Lambayeque","INEI",2007,"Acceso a TIC","Accede",0.619856339
"Lima","INEI",2007,"Acceso a TIC","Accede",0.792775353
"Loreto","INEI",2007,"Acceso a TIC","Accede",0.310725606
"Madre De Dios","INEI",2007,"Acceso a TIC","Accede",0.448497854
"Moquegua","INEI",2007,"Acceso a TIC","Accede",0.546711746
"Pasco","INEI",2007,"Acceso a TIC","Accede",0.318811763
"Piura","INEI",2007,"Acceso a TIC","Accede",0.459684104
"Puno","INEI",2007,"Acceso a TIC","Accede",0.252030641
"San Martin","INEI",2007,"Acceso a TIC","Accede",0.334508137
"Tacna","INEI",2007,"Acceso a TIC","Accede",0.61650102
"Tumbes","INEI",2007,"Acceso a TIC","Accede",0.638476152
"Ucayali","INEI",2007,"Acceso a TIC","Accede",0.425841899
"Amazonas","INEI",2017,"Acceso a TIC","Accede",0.70269364
"Ancash","INEI",2017,"Acceso a TIC","Accede",0.815941414
"Apurimac","INEI",2017,"Acceso a TIC","Accede",0.716663493
"Arequipa","INEI",2017,"Acceso a TIC","Accede",0.929719262
"Ayacucho","INEI",2017,"Acceso a TIC","Accede",0.784329037
"Cajamarca","INEI",2017,"Acceso a TIC","Accede",0.752793169
"Callao","INEI",2017,"Acceso a TIC","Accede",0.954114518
"Cusco","INEI",2017,"Acceso a TIC","Accede",0.780566913
"Huancavelica","INEI",2017,"Acceso a TIC","Accede",0.684959158
"Huanuco","INEI",2017,"Acceso a TIC","Accede",0.749000988
"Ica","INEI",2017,"Acceso a TIC","Accede",0.904015325
"Junin","INEI",2017,"Acceso a TIC","Accede",0.819489124
"La Libertad","INEI",2017,"Acceso a TIC","Accede",0.869045434
"Lambayeque","INEI",2017,"Acceso a TIC","Accede",0.893024626
"Lima","INEI",2017,"Acceso a TIC","Accede",0.955734738
"Loreto","INEI",2017,"Acceso a TIC","Accede",0.676635229
"Madre De Dios","INEI",2017,"Acceso a TIC","Accede",0.899811649
"Moquegua","INEI",2017,"Acceso a TIC","Accede",0.893698519
"Pasco","INEI",2017,"Acceso a TIC","Accede",0.782476119
"Piura","INEI",2017,"Acceso a TIC","Accede",0.797587104
"Puno","INEI",2017,"Acceso a TIC","Accede",0.716116144
"San Martin","INEI",2017,"Acceso a TIC","Accede",0.828432077
"Tacna","INEI",2017,"Acceso a TIC","Accede",0.917580735
"Tumbes","INEI",2017,"Acceso a TIC","Accede",0.890651459
"Ucayali","INEI",2017,"Acceso a TIC","Accede",0.78772412
"Amazonas","INEI",2007,"Acceso a Internet","Accede",0.006740581
"Ancash","INEI",2007,"Acceso a Internet","Accede",0.033884815
"Apurimac","INEI",2007,"Acceso a Internet","Accede",0.009103293
"Arequipa","INEI",2007,"Acceso a Internet","Accede",0.068194726
"Ayacucho","INEI",2007,"Acceso a Internet","Accede",0.014698401
"Cajamarca","INEI",2007,"Acceso a Internet","Accede",0.0164111
"Callao","INEI",2007,"Acceso a Internet","Accede",0.105677635
"Cusco","INEI",2007,"Acceso a Internet","Accede",0.022353886
"Huancavelica","INEI",2007,"Acceso a Internet","Accede",0.003678524
"Huanuco","INEI",2007,"Acceso a Internet","Accede",0.0148674
"Ica","INEI",2007,"Acceso a Internet","Accede",0.042344106
"Junin","INEI",2007,"Acceso a Internet","Accede",0.021769816
"La Libertad","INEI",2007,"Acceso a Internet","Accede",0.056940251
"Lambayeque","INEI",2007,"Acceso a Internet","Accede",0.051978875
"Lima","INEI",2007,"Acceso a Internet","Accede",0.145067373
"Loreto","INEI",2007,"Acceso a Internet","Accede",0.018767822
"Madre De Dios","INEI",2007,"Acceso a Internet","Accede",0.009165636
"Moquegua","INEI",2007,"Acceso a Internet","Accede",0.051202672
"Pasco","INEI",2007,"Acceso a Internet","Accede",0.012453468
"Piura","INEI",2007,"Acceso a Internet","Accede",0.032528837
"Puno","INEI",2007,"Acceso a Internet","Accede",0.009762487
"San Martin","INEI",2007,"Acceso a Internet","Accede",0.020530274
"Tacna","INEI",2007,"Acceso a Internet","Accede",0.059196642
"Tumbes","INEI",2007,"Acceso a Internet","Accede",0.02539746
"Ucayali","INEI",2007,"Acceso a Internet","Accede",0.026792604
"Amazonas","INEI",2017,"Acceso a Internet","Accede",0.044549383
"Ancash","INEI",2017,"Acceso a Internet","Accede",0.183261547
"Apurimac","INEI",2017,"Acceso a Internet","Accede",0.089259647
"Arequipa","INEI",2017,"Acceso a Internet","Accede",0.32875621
"Ayacucho","INEI",2017,"Acceso a Internet","Accede",0.104178672
"Cajamarca","INEI",2017,"Acceso a Internet","Accede",0.092872237
"Callao","INEI",2017,"Acceso a Internet","Accede",0.44206094
"Cusco","INEI",2017,"Acceso a Internet","Accede",0.169189194
"Huancavelica","INEI",2017,"Acceso a Internet","Accede",0.049331246
"Huanuco","INEI",2017,"Acceso a Internet","Accede",0.10851753
"Ica","INEI",2017,"Acceso a Internet","Accede",0.274204119
"Junin","INEI",2017,"Acceso a Internet","Accede",0.163562693
"La Libertad","INEI",2017,"Acceso a Internet","Accede",0.272942259
"Lambayeque","INEI",2017,"Acceso a Internet","Accede",0.287287167
"Lima","INEI",2017,"Acceso a Internet","Accede",0.472277435
"Loreto","INEI",2017,"Acceso a Internet","Accede",0.127376262
"Madre De Dios","INEI",2017,"Acceso a Internet","Accede",0.164396793
"Moquegua","INEI",2017,"Acceso a Internet","Accede",0.250194909
"Pasco","INEI",2017,"Acceso a Internet","Accede",0.095755596
"Piura","INEI",2017,"Acceso a Internet","Accede",0.175351035
"Puno","INEI",2017,"Acceso a Internet","Accede",0.074521229
"San Martin","INEI",2017,"Acceso a Internet","Accede",0.145003234
"Tacna","INEI",2017,"Acceso a Internet","Accede",0.292664484
"Tumbes","INEI",2017,"Acceso a Internet","Accede",0.211971628
"Ucayali","INEI",2017,"Acceso a Internet","Accede",0.156695786
"Amazonas","INEI",2007,"Acceso a Internet","No accede",0.993259419
"Ancash","INEI",2007,"Acceso a Internet","No accede",0.966115185
"Apurimac","INEI",2007,"Acceso a Internet","No accede",0.990896707
"Arequipa","INEI",2007,"Acceso a Internet","No accede",0.931805274
"Ayacucho","INEI",2007,"Acceso a Internet","No accede",0.985301599
"Cajamarca","INEI",2007,"Acceso a Internet","No accede",0.9835889
"Callao","INEI",2007,"Acceso a Internet","No accede",0.894322365
"Cusco","INEI",2007,"Acceso a Internet","No accede",0.977646114
"Huancavelica","INEI",2007,"Acceso a Internet","No accede",0.996321476
"Huanuco","INEI",2007,"Acceso a Internet","No accede",0.9851326
"Ica","INEI",2007,"Acceso a Internet","No accede",0.957655894
"Junin","INEI",2007,"Acceso a Internet","No accede",0.978230184
"La Libertad","INEI",2007,"Acceso a Internet","No accede",0.943059749
"Lambayeque","INEI",2007,"Acceso a Internet","No accede",0.948021125
"Lima","INEI",2007,"Acceso a Internet","No accede",0.854932627
"Loreto","INEI",2007,"Acceso a Internet","No accede",0.981232178
"Madre De Dios","INEI",2007,"Acceso a Internet","No accede",0.990834364
"Moquegua","INEI",2007,"Acceso a Internet","No accede",0.948797328
"Pasco","INEI",2007,"Acceso a Internet","No accede",0.987546532
"Piura","INEI",2007,"Acceso a Internet","No accede",0.967471163
"Puno","INEI",2007,"Acceso a Internet","No accede",0.990237513
"San Martin","INEI",2007,"Acceso a Internet","No accede",0.979469726
"Tacna","INEI",2007,"Acceso a Internet","No accede",0.940803358
"Tumbes","INEI",2007,"Acceso a Internet","No accede",0.97460254
"Ucayali","INEI",2007,"Acceso a Internet","No accede",0.973207396
"Amazonas","INEI",2017,"Acceso a Internet","No accede",0.955450617
"Ancash","INEI",2017,"Acceso a Internet","No accede",0.816738453
"Apurimac","INEI",2017,"Acceso a Internet","No accede",0.910740353
"Arequipa","INEI",2017,"Acceso a Internet","No accede",0.67124379
"Ayacucho","INEI",2017,"Acceso a Internet","No accede",0.895821328
"Cajamarca","INEI",2017,"Acceso a Internet","No accede",0.907127763
"Callao","INEI",2017,"Acceso a Internet","No accede",0.55793906
"Cusco","INEI",2017,"Acceso a Internet","No accede",0.830810806
"Huancavelica","INEI",2017,"Acceso a Internet","No accede",0.950668754
"Huanuco","INEI",2017,"Acceso a Internet","No accede",0.89148247
"Ica","INEI",2017,"Acceso a Internet","No accede",0.725795881
"Junin","INEI",2017,"Acceso a Internet","No accede",0.836437307
"La Libertad","INEI",2017,"Acceso a Internet","No accede",0.727057741
"Lambayeque","INEI",2017,"Acceso a Internet","No accede",0.712712833
"Lima","INEI",2017,"Acceso a Internet","No accede",0.527722565
"Loreto","INEI",2017,"Acceso a Internet","No accede",0.872623738
"Madre De Dios","INEI",2017,"Acceso a Internet","No accede",0.835603207
"Moquegua","INEI",2017,"Acceso a Internet","No accede",0.749805091
"Pasco","INEI",2017,"Acceso a Internet","No accede",0.904244404
"Piura","INEI",2017,"Acceso a Internet","No accede",0.824648965
"Puno","INEI",2017,"Acceso a Internet","No accede",0.925478771
"San Martin","INEI",2017,"Acceso a Internet","No accede",0.854996766
"Tacna","INEI",2017,"Acceso a Internet","No accede",0.707335516
"Tumbes","INEI",2017,"Acceso a Internet","No accede",0.788028372
"Ucayali","INEI",2017,"Acceso a Internet","No accede",0.843304214
"Amazonas","INEI",2007,"Acceso a TV Cable","Accede",0.034497214
"Ancash","INEI",2007,"Acceso a TV Cable","Accede",0.106275977
"Apurimac","INEI",2007,"Acceso a TV Cable","Accede",0.0325896
"Arequipa","INEI",2007,"Acceso a TV Cable","Accede",0.123965769
"Ayacucho","INEI",2007,"Acceso a TV Cable","Accede",0.025498477
"Cajamarca","INEI",2007,"Acceso a TV Cable","Accede",0.024538644
"Callao","INEI",2007,"Acceso a TV Cable","Accede",0.285722213
"Cusco","INEI",2007,"Acceso a TV Cable","Accede",0.053530894
"Huancavelica","INEI",2007,"Acceso a TV Cable","Accede",0.007490006
"Huanuco","INEI",2007,"Acceso a TV Cable","Accede",0.038394077
"Ica","INEI",2007,"Acceso a TV Cable","Accede",0.074490676
"Junin","INEI",2007,"Acceso a TV Cable","Accede",0.054538319
"La Libertad","INEI",2007,"Acceso a TV Cable","Accede",0.126215434
"Lambayeque","INEI",2007,"Acceso a TV Cable","Accede",0.105706359
"Lima","INEI",2007,"Acceso a TV Cable","Accede",0.315740852
"Loreto","INEI",2007,"Acceso a TV Cable","Accede",0.08634107
"Madre De Dios","INEI",2007,"Acceso a TV Cable","Accede",0.139594093
"Moquegua","INEI",2007,"Acceso a TV Cable","Accede",0.135379539
"Pasco","INEI",2007,"Acceso a TV Cable","Accede",0.093483233
"Piura","INEI",2007,"Acceso a TV Cable","Accede",0.09025495
"Puno","INEI",2007,"Acceso a TV Cable","Accede",0.01571133
"San Martin","INEI",2007,"Acceso a TV Cable","Accede",0.146107598
"Tacna","INEI",2007,"Acceso a TV Cable","Accede",0.073450524
"Tumbes","INEI",2007,"Acceso a TV Cable","Accede",0.123707629
"Ucayali","INEI",2007,"Acceso a TV Cable","Accede",0.036978733
"Amazonas","INEI",2017,"Acceso a TV Cable","Accede",0.170783503
"Ancash","INEI",2017,"Acceso a TV Cable","Accede",0.273368382
"Apurimac","INEI",2017,"Acceso a TV Cable","Accede",0.131775197
"Arequipa","INEI",2017,"Acceso a TV Cable","Accede",0.349182886
"Ayacucho","INEI",2017,"Acceso a TV Cable","Accede",0.151043995
"Cajamarca","INEI",2017,"Acceso a TV Cable","Accede",0.137155973
"Callao","INEI",2017,"Acceso a TV Cable","Accede",0.549555268
"Cusco","INEI",2017,"Acceso a TV Cable","Accede",0.178688474
"Huancavelica","INEI",2017,"Acceso a TV Cable","Accede",0.072459394
"Huanuco","INEI",2017,"Acceso a TV Cable","Accede",0.218337585
"Ica","INEI",2017,"Acceso a TV Cable","Accede",0.397747418
"Junin","INEI",2017,"Acceso a TV Cable","Accede",0.214850463
"La Libertad","INEI",2017,"Acceso a TV Cable","Accede",0.328099454
"Lambayeque","INEI",2017,"Acceso a TV Cable","Accede",0.320314447
"Lima","INEI",2017,"Acceso a TV Cable","Accede",0.596997383
"Loreto","INEI",2017,"Acceso a TV Cable","Accede",0.33904975
"Madre De Dios","INEI",2017,"Acceso a TV Cable","Accede",0.459963296
"Moquegua","INEI",2017,"Acceso a TV Cable","Accede",0.384732721
"Pasco","INEI",2017,"Acceso a TV Cable","Accede",0.315085914
"Piura","INEI",2017,"Acceso a TV Cable","Accede",0.320447506
"Puno","INEI",2017,"Acceso a TV Cable","Accede",0.062257663
"San Martin","INEI",2017,"Acceso a TV Cable","Accede",0.451729961
"Tacna","INEI",2017,"Acceso a TV Cable","Accede",0.221051322
"Tumbes","INEI",2017,"Acceso a TV Cable","Accede",0.446036615
"Ucayali","INEI",2017,"Acceso a TV Cable","Accede",0.313080749
"Amazonas","INEI",2007,"Acceso a TV Cable","No accede",0.965502786
"Ancash","INEI",2007,"Acceso a TV Cable","No accede",0.893724023
"Apurimac","INEI",2007,"Acceso a TV Cable","No accede",0.9674104
"Arequipa","INEI",2007,"Acceso a TV Cable","No accede",0.876034231
"Ayacucho","INEI",2007,"Acceso a TV Cable","No accede",0.974501523
"Cajamarca","INEI",2007,"Acceso a TV Cable","No accede",0.975461356
"Callao","INEI",2007,"Acceso a TV Cable","No accede",0.714277787
"Cusco","INEI",2007,"Acceso a TV Cable","No accede",0.946469106
"Huancavelica","INEI",2007,"Acceso a TV Cable","No accede",0.992509994
"Huanuco","INEI",2007,"Acceso a TV Cable","No accede",0.961605923
"Ica","INEI",2007,"Acceso a TV Cable","No accede",0.925509324
"Junin","INEI",2007,"Acceso a TV Cable","No accede",0.945461681
"La Libertad","INEI",2007,"Acceso a TV Cable","No accede",0.873784566
"Lambayeque","INEI",2007,"Acceso a TV Cable","No accede",0.894293641
"Lima","INEI",2007,"Acceso a TV Cable","No accede",0.684259148
"Loreto","INEI",2007,"Acceso a TV Cable","No accede",0.91365893
"Madre De Dios","INEI",2007,"Acceso a TV Cable","No accede",0.860405907
"Moquegua","INEI",2007,"Acceso a TV Cable","No accede",0.864620461
"Pasco","INEI",2007,"Acceso a TV Cable","No accede",0.906516767
"Piura","INEI",2007,"Acceso a TV Cable","No accede",0.90974505
"Puno","INEI",2007,"Acceso a TV Cable","No accede",0.98428867
"San Martin","INEI",2007,"Acceso a TV Cable","No accede",0.853892402
"Tacna","INEI",2007,"Acceso a TV Cable","No accede",0.926549476
"Tumbes","INEI",2007,"Acceso a TV Cable","No accede",0.876292371
"Ucayali","INEI",2007,"Acceso a TV Cable","No accede",0.963021267
"Amazonas","INEI",2017,"Acceso a TV Cable","No accede",0.829216497
"Ancash","INEI",2017,"Acceso a TV Cable","No accede",0.726631618
"Apurimac","INEI",2017,"Acceso a TV Cable","No accede",0.868224803
"Arequipa","INEI",2017,"Acceso a TV Cable","No accede",0.650817114
"Ayacucho","INEI",2017,"Acceso a TV Cable","No accede",0.848956005
"Cajamarca","INEI",2017,"Acceso a TV Cable","No accede",0.862844027
"Callao","INEI",2017,"Acceso a TV Cable","No accede",0.450444732
"Cusco","INEI",2017,"Acceso a TV Cable","No accede",0.821311526
"Huancavelica","INEI",2017,"Acceso a TV Cable","No accede",0.927540606
"Huanuco","INEI",2017,"Acceso a TV Cable","No accede",0.781662415
"Ica","INEI",2017,"Acceso a TV Cable","No accede",0.602252582
"Junin","INEI",2017,"Acceso a TV Cable","No accede",0.785149537
"La Libertad","INEI",2017,"Acceso a TV Cable","No accede",0.671900546
"Lambayeque","INEI",2017,"Acceso a TV Cable","No accede",0.679685553
"Lima","INEI",2017,"Acceso a TV Cable","No accede",0.403002617
"Loreto","INEI",2017,"Acceso a TV Cable","No accede",0.66095025
"Madre De Dios","INEI",2017,"Acceso a TV Cable","No accede",0.540036704
"Moquegua","INEI",2017,"Acceso a TV Cable","No accede",0.615267279
"Pasco","INEI",2017,"Acceso a TV Cable","No accede",0.684914086
"Piura","INEI",2017,"Acceso a TV Cable","No accede",0.679552494
"Puno","INEI",2017,"Acceso a TV Cable","No accede",0.937742337
"San Martin","INEI",2017,"Acceso a TV Cable","No accede",0.548270039
"Tacna","INEI",2017,"Acceso a TV Cable","No accede",0.778948678
"Tumbes","INEI",2017,"Acceso a TV Cable","No accede",0.553963385
"Ucayali","INEI",2017,"Acceso a TV Cable","No accede",0.686919251
"Amazonas","INEI",2007,"Tipo de Teléfono","Teléfono fijo",0.0503613
"Amazonas","INEI",2007,"Tipo de Teléfono","Teléfono celular",0.176799603
"Ancash","INEI",2007,"Tipo de Teléfono","Teléfono fijo",0.201151922
"Ancash","INEI",2007,"Tipo de Teléfono","Teléfono celular",0.349217762
"Apurimac","INEI",2007,"Tipo de Teléfono","Teléfono fijo",0.049199117
"Apurimac","INEI",2007,"Tipo de Teléfono","Teléfono celular",0.160768472
"Arequipa","INEI",2007,"Tipo de Teléfono","Teléfono fijo",0.28560918
"Arequipa","INEI",2007,"Tipo de Teléfono","Teléfono celular",0.494685245
"Ayacucho","INEI",2007,"Tipo de Teléfono","Teléfono fijo",0.072590976
"Ayacucho","INEI",2007,"Tipo de Teléfono","Teléfono celular",0.183245784
"Cajamarca","INEI",2007,"Tipo de Teléfono","Teléfono fijo",0.071080762
"Cajamarca","INEI",2007,"Tipo de Teléfono","Teléfono celular",0.203002601
"Callao","INEI",2007,"Tipo de Teléfono","Teléfono fijo",0.505858905
"Callao","INEI",2007,"Tipo de Teléfono","Teléfono celular",0.62981614
"Cusco","INEI",2007,"Tipo de Teléfono","Teléfono fijo",0.118664754
"Cusco","INEI",2007,"Tipo de Teléfono","Teléfono celular",0.29210064
"Huancavelica","INEI",2007,"Tipo de Teléfono","Teléfono fijo",0.029454781
"Huancavelica","INEI",2007,"Tipo de Teléfono","Teléfono celular",0.060035278
"Huanuco","INEI",2007,"Tipo de Teléfono","Teléfono fijo",0.072704738
"Huanuco","INEI",2007,"Tipo de Teléfono","Teléfono celular",0.186896548
"Ica","INEI",2007,"Tipo de Teléfono","Teléfono fijo",0.236401442
"Ica","INEI",2007,"Tipo de Teléfono","Teléfono celular",0.551297365
"Junin","INEI",2007,"Tipo de Teléfono","Teléfono fijo",0.16892137
"Junin","INEI",2007,"Tipo de Teléfono","Teléfono celular",0.310654381
"La Libertad","INEI",2007,"Tipo de Teléfono","Teléfono fijo",0.297846909
"La Libertad","INEI",2007,"Tipo de Teléfono","Teléfono celular",0.434817406
"Lambayeque","INEI",2007,"Tipo de Teléfono","Teléfono fijo",0.281887555
"Lambayeque","INEI",2007,"Tipo de Teléfono","Teléfono celular",0.505045425
"Lima","INEI",2007,"Tipo de Teléfono","Teléfono fijo",0.496350762
"Lima","INEI",2007,"Tipo de Teléfono","Teléfono celular",0.623934083
"Loreto","INEI",2007,"Tipo de Teléfono","Teléfono fijo",0.198516297
"Loreto","INEI",2007,"Tipo de Teléfono","Teléfono celular",0.205588312
"Madre De Dios","INEI",2007,"Tipo de Teléfono","Teléfono fijo",0.10318615
"Madre De Dios","INEI",2007,"Tipo de Teléfono","Teléfono celular",0.386229723
"Moquegua","INEI",2007,"Tipo de Teléfono","Teléfono fijo",0.176683843
"Moquegua","INEI",2007,"Tipo de Teléfono","Teléfono celular",0.487789975
"Pasco","INEI",2007,"Tipo de Teléfono","Teléfono fijo",0.066423478
"Pasco","INEI",2007,"Tipo de Teléfono","Teléfono celular",0.28143641
"Piura","INEI",2007,"Tipo de Teléfono","Teléfono fijo",0.20462938
"Piura","INEI",2007,"Tipo de Teléfono","Teléfono celular",0.371207514
"Puno","INEI",2007,"Tipo de Teléfono","Teléfono fijo",0.046005855
"Puno","INEI",2007,"Tipo de Teléfono","Teléfono celular",0.235975368
"San Martin","INEI",2007,"Tipo de Teléfono","Teléfono fijo",0.116219205
"San Martin","INEI",2007,"Tipo de Teléfono","Teléfono celular",0.25169022
"Tacna","INEI",2007,"Tipo de Teléfono","Teléfono fijo",0.190782726
"Tacna","INEI",2007,"Tipo de Teléfono","Teléfono celular",0.560098563
"Tumbes","INEI",2007,"Tipo de Teléfono","Teléfono fijo",0.179442056
"Tumbes","INEI",2007,"Tipo de Teléfono","Teléfono celular",0.566083392
"Ucayali","INEI",2007,"Tipo de Teléfono","Teléfono fijo",0.183782449
"Ucayali","INEI",2007,"Tipo de Teléfono","Teléfono celular",0.350341081
"Amazonas","INEI",2017,"Tipo de Teléfono","Teléfono fijo",0.012229425
"Amazonas","INEI",2017,"Tipo de Teléfono","Teléfono celular",0.693947692
"Ancash","INEI",2017,"Tipo de Teléfono","Teléfono fijo",0.14474863
"Ancash","INEI",2017,"Tipo de Teléfono","Teléfono celular",0.796012255
"Apurimac","INEI",2017,"Tipo de Teléfono","Teléfono fijo",0.029607768
"Apurimac","INEI",2017,"Tipo de Teléfono","Teléfono celular",0.712085872
"Arequipa","INEI",2017,"Tipo de Teléfono","Teléfono fijo",0.217008756
"Arequipa","INEI",2017,"Tipo de Teléfono","Teléfono celular",0.912770668
"Ayacucho","INEI",2017,"Tipo de Teléfono","Teléfono fijo",0.055703061
"Ayacucho","INEI",2017,"Tipo de Teléfono","Teléfono celular",0.776487632
"Cajamarca","INEI",2017,"Tipo de Teléfono","Teléfono fijo",0.048661807
"Cajamarca","INEI",2017,"Tipo de Teléfono","Teléfono celular",0.746643142
"Callao","INEI",2017,"Tipo de Teléfono","Teléfono fijo",0.387652689
"Callao","INEI",2017,"Tipo de Teléfono","Teléfono celular",0.917382845
"Cusco","INEI",2017,"Tipo de Teléfono","Teléfono fijo",0.105917958
"Cusco","INEI",2017,"Tipo de Teléfono","Teléfono celular",0.772859844
"Huancavelica","INEI",2017,"Tipo de Teléfono","Teléfono fijo",0.019506122
"Huancavelica","INEI",2017,"Tipo de Teléfono","Teléfono celular",0.681544643
"Huanuco","INEI",2017,"Tipo de Teléfono","Teléfono fijo",0.061400534
"Huanuco","INEI",2017,"Tipo de Teléfono","Teléfono celular",0.738851124
"Ica","INEI",2017,"Tipo de Teléfono","Teléfono fijo",0.17866055
"Ica","INEI",2017,"Tipo de Teléfono","Teléfono celular",0.876616339
"Junin","INEI",2017,"Tipo de Teléfono","Teléfono fijo",0.119578054
"Junin","INEI",2017,"Tipo de Teléfono","Teléfono celular",0.804628367
"La Libertad","INEI",2017,"Tipo de Teléfono","Teléfono fijo",0.216150135
"La Libertad","INEI",2017,"Tipo de Teléfono","Teléfono celular",0.844236721
"Lambayeque","INEI",2017,"Tipo de Teléfono","Teléfono fijo",0.215963778
"Lambayeque","INEI",2017,"Tipo de Teléfono","Teléfono celular",0.869645001
"Lima","INEI",2017,"Tipo de Teléfono","Teléfono fijo",0.407265536
"Lima","INEI",2017,"Tipo de Teléfono","Teléfono celular",0.921469774
"Loreto","INEI",2017,"Tipo de Teléfono","Teléfono fijo",0.10092788
"Loreto","INEI",2017,"Tipo de Teléfono","Teléfono celular",0.644421283
"Madre De Dios","INEI",2017,"Tipo de Teléfono","Teléfono fijo",0.090891529
"Madre De Dios","INEI",2017,"Tipo de Teléfono","Teléfono celular",0.88005892
"Moquegua","INEI",2017,"Tipo de Teléfono","Teléfono fijo",0.143164638
"Moquegua","INEI",2017,"Tipo de Teléfono","Teléfono celular",0.881004034
"Pasco","INEI",2017,"Tipo de Teléfono","Teléfono fijo",0.032819342
"Pasco","INEI",2017,"Tipo de Teléfono","Teléfono celular",0.76738876
"Piura","INEI",2017,"Tipo de Teléfono","Teléfono fijo",0.122976906
"Piura","INEI",2017,"Tipo de Teléfono","Teléfono celular",0.770718064
"Puno","INEI",2017,"Tipo de Teléfono","Teléfono fijo",0.035742429
"Puno","INEI",2017,"Tipo de Teléfono","Teléfono celular",0.713515949
"San Martin","INEI",2017,"Tipo de Teléfono","Teléfono fijo",0.070132576
"San Martin","INEI",2017,"Tipo de Teléfono","Teléfono celular",0.79822962
"Tacna","INEI",2017,"Tipo de Teléfono","Teléfono fijo",0.160493118
"Tacna","INEI",2017,"Tipo de Teléfono","Teléfono celular",0.908526197
"Tumbes","INEI",2017,"Tipo de Teléfono","Teléfono fijo",0.118805713
"Tumbes","INEI",2017,"Tipo de Teléfono","Teléfono celular",0.861401323
"Ucayali","INEI",2017,"Tipo de Teléfono","Teléfono fijo",0.094105811
"Ucayali","INEI",2017,"Tipo de Teléfono","Teléfono celular",0.769532784
"Amazonas","ENE",2017,"Empleó Equipos Informáticos","Empleó",0.8367845416
"Amazonas","ENE",2017,"Empleó Equipos Informáticos","No empleó",0.16321545839999999
"Ancash","ENE",2017,"Empleó Equipos Informáticos","Empleó",0.7807230949
"Ancash","ENE",2017,"Empleó Equipos Informáticos","No empleó",0.2192769051
"Apurimac","ENE",2017,"Empleó Equipos Informáticos","Empleó",0.8704898356999999
"Apurimac","ENE",2017,"Empleó Equipos Informáticos","No empleó",0.1295101643
"Arequipa","ENE",2017,"Empleó Equipos Informáticos","Empleó",0.7357524037
"Arequipa","ENE",2017,"Empleó Equipos Informáticos","No empleó",0.2642475963
"Ayacucho","ENE",2017,"Empleó Equipos Informáticos","Empleó",0.8074578643
"Ayacucho","ENE",2017,"Empleó Equipos Informáticos","No empleó",0.19254213569999998
"Cajamarca","ENE",2017,"Empleó Equipos Informáticos","Empleó",0.8477481008
"Cajamarca","ENE",2017,"Empleó Equipos Informáticos","No empleó",0.15225189919999998
"Callao","ENE",2017,"Empleó Equipos Informáticos","Empleó",0.8684440255
"Callao","ENE",2017,"Empleó Equipos Informáticos","No empleó",0.13155597449999998
"Cusco","ENE",2017,"Empleó Equipos Informáticos","Empleó",0.7090898156
"Cusco","ENE",2017,"Empleó Equipos Informáticos","No empleó",0.2909101844
"Huancavelica","ENE",2017,"Empleó Equipos Informáticos","Empleó",0.8758761287
"Huancavelica","ENE",2017,"Empleó Equipos Informáticos","No empleó",0.12412387130000001
"Huanuco","ENE",2017,"Empleó Equipos Informáticos","Empleó",0.7967242002
"Huanuco","ENE",2017,"Empleó Equipos Informáticos","No empleó",0.2032757998
"Ica","ENE",2017,"Empleó Equipos Informáticos","Empleó",0.7853372693
"Ica","ENE",2017,"Empleó Equipos Informáticos","No empleó",0.2146627307
"Junin","ENE",2017,"Empleó Equipos Informáticos","Empleó",0.7480120063000001
"Junin","ENE",2017,"Empleó Equipos Informáticos","No empleó",0.2519879937
"La Libertad","ENE",2017,"Empleó Equipos Informáticos","Empleó",0.8135073781
"La Libertad","ENE",2017,"Empleó Equipos Informáticos","No empleó",0.1864926219
"Lambayeque","ENE",2017,"Empleó Equipos Informáticos","Empleó",0.7150505184999999
"Lambayeque","ENE",2017,"Empleó Equipos Informáticos","No empleó",0.2849494815
"Lima","ENE",2017,"Empleó Equipos Informáticos","Empleó",0.8671936392999999
"Lima","ENE",2017,"Empleó Equipos Informáticos","No empleó",0.1328063607
"Loreto","ENE",2017,"Empleó Equipos Informáticos","Empleó",0.8306667805
"Loreto","ENE",2017,"Empleó Equipos Informáticos","No empleó",0.16933321950000002
"Madre De Dios","ENE",2017,"Empleó Equipos Informáticos","Empleó",0.754440248
"Madre De Dios","ENE",2017,"Empleó Equipos Informáticos","No empleó",0.245559752
"Moquegua","ENE",2017,"Empleó Equipos Informáticos","Empleó",0.7534316182
"Moquegua","ENE",2017,"Empleó Equipos Informáticos","No empleó",0.24656838179999999
"Pasco","ENE",2017,"Empleó Equipos Informáticos","Empleó",0.7990469336999999
"Pasco","ENE",2017,"Empleó Equipos Informáticos","No empleó",0.20095306629999998
"Piura","ENE",2017,"Empleó Equipos Informáticos","Empleó",0.8323677182
"Piura","ENE",2017,"Empleó Equipos Informáticos","No empleó",0.16763228179999998
"Puno","ENE",2017,"Empleó Equipos Informáticos","Empleó",0.7194177508
"Puno","ENE",2017,"Empleó Equipos Informáticos","No empleó",0.28058224919999997
"San Martin","ENE",2017,"Empleó Equipos Informáticos","Empleó",0.8165335655
"San Martin","ENE",2017,"Empleó Equipos Informáticos","No empleó",0.1834664345
"Tacna","ENE",2017,"Empleó Equipos Informáticos","Empleó",0.7783982158
"Tacna","ENE",2017,"Empleó Equipos Informáticos","No empleó",0.22160178419999998
"Tumbes","ENE",2017,"Empleó Equipos Informáticos","Empleó",0.6180430651000001
"Tumbes","ENE",2017,"Empleó Equipos Informáticos","No empleó",0.38195693490000004
"Ucayali","ENE",2017,"Empleó Equipos Informáticos","Empleó",0.8160649538
"Ucayali","ENE",2017,"Empleó Equipos Informáticos","No empleó",0.18393504619999998
"Amazonas","ENE",2017,"Usó Internet","Usó",0.9351319
"Amazonas","ENE",2017,"Usó Internet","No usó",0.0648681
"Ancash","ENE",2017,"Usó Internet","Usó",0.9145818
"Ancash","ENE",2017,"Usó Internet","No usó",0.0854182
"Apurimac","ENE",2017,"Usó Internet","Usó",0.9044842999999999
"Apurimac","ENE",2017,"Usó Internet","No usó",0.0955157
"Arequipa","ENE",2017,"Usó Internet","Usó",0.9447148999999999
"Arequipa","ENE",2017,"Usó Internet","No usó",0.0552851
"Ayacucho","ENE",2017,"Usó Internet","Usó",0.9259709
"Ayacucho","ENE",2017,"Usó Internet","No usó",0.0740291
"Cajamarca","ENE",2017,"Usó Internet","Usó",0.9403106999999999
"Cajamarca","ENE",2017,"Usó Internet","No usó",0.0596893
"Callao","ENE",2017,"Usó Internet","Usó",0.952612
"Callao","ENE",2017,"Usó Internet","No usó",0.047388
"Cusco","ENE",2017,"Usó Internet","Usó",0.9088247
"Cusco","ENE",2017,"Usó Internet","No usó",0.09117529999999999
"Huancavelica","ENE",2017,"Usó Internet","Usó",0.9615092
"Huancavelica","ENE",2017,"Usó Internet","No usó",0.0384908
"Huanuco","ENE",2017,"Usó Internet","Usó",0.9038787
"Huanuco","ENE",2017,"Usó Internet","No usó",0.0961213
"Ica","ENE",2017,"Usó Internet","Usó",0.9500173
"Ica","ENE",2017,"Usó Internet","No usó",0.0499827
"Junin","ENE",2017,"Usó Internet","Usó",0.8427794
"Junin","ENE",2017,"Usó Internet","No usó",0.1572206
"La Libertad","ENE",2017,"Usó Internet","Usó",0.9713839000000001
"La Libertad","ENE",2017,"Usó Internet","No usó",0.0286161
"Lambayeque","ENE",2017,"Usó Internet","Usó",0.9449378
"Lambayeque","ENE",2017,"Usó Internet","No usó",0.0550622
"Lima","ENE",2017,"Usó Internet","Usó",0.9714571
"Lima","ENE",2017,"Usó Internet","No usó",0.0285429
"Loreto","ENE",2017,"Usó Internet","Usó",0.9397492999999999
"Loreto","ENE",2017,"Usó Internet","No usó",0.060250700000000004
"Madre De Dios","ENE",2017,"Usó Internet","Usó",0.9427321
"Madre De Dios","ENE",2017,"Usó Internet","No usó",0.0572679
"Moquegua","ENE",2017,"Usó Internet","Usó",0.9804811
"Moquegua","ENE",2017,"Usó Internet","No usó",0.0195189
"Pasco","ENE",2017,"Usó Internet","Usó",0.8070258
"Pasco","ENE",2017,"Usó Internet","No usó",0.19297419999999998
"Piura","ENE",2017,"Usó Internet","Usó",0.9343151000000001
"Piura","ENE",2017,"Usó Internet","No usó",0.0656849
"Puno","ENE",2017,"Usó Internet","Usó",0.8367409
"Puno","ENE",2017,"Usó Internet","No usó",0.1632591
"San Martin","ENE",2017,"Usó Internet","Usó",0.9362533
"San Martin","ENE",2017,"Usó Internet","No usó",0.0637467
"Tacna","ENE",2017,"Usó Internet","Usó",0.9101840999999999
"Tacna","ENE",2017,"Usó Internet","No usó",0.0898159
"Tumbes","ENE",2017,"Usó Internet","Usó",0.9715742
"Tumbes","ENE",2017,"Usó Internet","No usó",0.028425799999999998
"Ucayali","ENE",2017,"Usó Internet","Usó",0.9496775000000001
"Ucayali","ENE",2017,"Usó Internet","No usó",0.0503225
"Amazonas","ENE",2017,"Usó Internet para buscar Productos y Servicios","Usó",0.5940945148
"Ancash","ENE",2017,"Usó Internet para buscar Productos y Servicios","Usó",0.4804534316
"Apurimac","ENE",2017,"Usó Internet para buscar Productos y Servicios","Usó",0.6437703967
"Arequipa","ENE",2017,"Usó Internet para buscar Productos y Servicios","Usó",0.4697827101
"Ayacucho","ENE",2017,"Usó Internet para buscar Productos y Servicios","Usó",0.39202338459999997
"Cajamarca","ENE",2017,"Usó Internet para buscar Productos y Servicios","Usó",0.5503947735
"Callao","ENE",2017,"Usó Internet para buscar Productos y Servicios","Usó",0.56510818
"Cusco","ENE",2017,"Usó Internet para buscar Productos y Servicios","Usó",0.495056808
"Huancavelica","ENE",2017,"Usó Internet para buscar Productos y Servicios","Usó",0.8159989119000001
"Huanuco","ENE",2017,"Usó Internet para buscar Productos y Servicios","Usó",0.4517478943
"Ica","ENE",2017,"Usó Internet para buscar Productos y Servicios","Usó",0.4531876743
"Junin","ENE",2017,"Usó Internet para buscar Productos y Servicios","Usó",0.5757283568
"La Libertad","ENE",2017,"Usó Internet para buscar Productos y Servicios","Usó",0.4226589799
"Lambayeque","ENE",2017,"Usó Internet para buscar Productos y Servicios","Usó",0.4849687517
"Lima","ENE",2017,"Usó Internet para buscar Productos y Servicios","Usó",0.5567864776
"Loreto","ENE",2017,"Usó Internet para buscar Productos y Servicios","Usó",0.5205301642
"Madre De Dios","ENE",2017,"Usó Internet para buscar Productos y Servicios","Usó",0.6340320110000001
"Moquegua","ENE",2017,"Usó Internet para buscar Productos y Servicios","Usó",0.5481917858
"Pasco","ENE",2017,"Usó Internet para buscar Productos y Servicios","Usó",0.5261572003
"Piura","ENE",2017,"Usó Internet para buscar Productos y Servicios","Usó",0.46142417189999996
"Puno","ENE",2017,"Usó Internet para buscar Productos y Servicios","Usó",0.410556227
"San Martin","ENE",2017,"Usó Internet para buscar Productos y Servicios","Usó",0.42156851289999997
"Tacna","ENE",2017,"Usó Internet para buscar Productos y Servicios","Usó",0.5523739457000001
"Tumbes","ENE",2017,"Usó Internet para buscar Productos y Servicios","Usó",0.4968250096
"Ucayali","ENE",2017,"Usó Internet para buscar Productos y Servicios","Usó",0.5561932325
"Amazonas","ENE",2017,"Usó Internet para buscar Productos y Servicios","No usó",0.40590548519999997
"Ancash","ENE",2017,"Usó Internet para buscar Productos y Servicios","No usó",0.5195465683999999
"Apurimac","ENE",2017,"Usó Internet para buscar Productos y Servicios","No usó",0.35622960330000003
"Arequipa","ENE",2017,"Usó Internet para buscar Productos y Servicios","No usó",0.5302172898999999
"Ayacucho","ENE",2017,"Usó Internet para buscar Productos y Servicios","No usó",0.6079766154
"Cajamarca","ENE",2017,"Usó Internet para buscar Productos y Servicios","No usó",0.4496052265
"Callao","ENE",2017,"Usó Internet para buscar Productos y Servicios","No usó",0.43489182
"Cusco","ENE",2017,"Usó Internet para buscar Productos y Servicios","No usó",0.504943192
"Huancavelica","ENE",2017,"Usó Internet para buscar Productos y Servicios","No usó",0.18400108810000002
"Huanuco","ENE",2017,"Usó Internet para buscar Productos y Servicios","No usó",0.5482521057
"Ica","ENE",2017,"Usó Internet para buscar Productos y Servicios","No usó",0.5468123256999999
"Junin","ENE",2017,"Usó Internet para buscar Productos y Servicios","No usó",0.42427164320000005
"La Libertad","ENE",2017,"Usó Internet para buscar Productos y Servicios","No usó",0.5773410201
"Lambayeque","ENE",2017,"Usó Internet para buscar Productos y Servicios","No usó",0.5150312483
"Lima","ENE",2017,"Usó Internet para buscar Productos y Servicios","No usó",0.4432135224
"Loreto","ENE",2017,"Usó Internet para buscar Productos y Servicios","No usó",0.4794698358
"Madre De Dios","ENE",2017,"Usó Internet para buscar Productos y Servicios","No usó",0.365967989
"Moquegua","ENE",2017,"Usó Internet para buscar Productos y Servicios","No usó",0.4518082142
"Pasco","ENE",2017,"Usó Internet para buscar Productos y Servicios","No usó",0.4738427997
"Piura","ENE",2017,"Usó Internet para buscar Productos y Servicios","No usó",0.5385758280999999
"Puno","ENE",2017,"Usó Internet para buscar Productos y Servicios","No usó",0.589443773
"San Martin","ENE",2017,"Usó Internet para buscar Productos y Servicios","No usó",0.5784314871
"Tacna","ENE",2017,"Usó Internet para buscar Productos y Servicios","No usó",0.4476260543
"Tumbes","ENE",2017,"Usó Internet para buscar Productos y Servicios","No usó",0.5031749904
"Ucayali","ENE",2017,"Usó Internet para buscar Productos y Servicios","No usó",0.4438067675
"Amazonas","ENE",2017,"Tuvo Problemas de Electricidad","Tuvo problemas",0.6526411772
"Amazonas","ENE",2017,"Tuvo Problemas de Electricidad","No tuvo problemas",0.34735882279999997
"Ancash","ENE",2017,"Tuvo Problemas de Electricidad","Tuvo problemas",0.3832749128
"Ancash","ENE",2017,"Tuvo Problemas de Electricidad","No tuvo problemas",0.6167250872
"Apurimac","ENE",2017,"Tuvo Problemas de Electricidad","Tuvo problemas",0.6474007368
"Apurimac","ENE",2017,"Tuvo Problemas de Electricidad","No tuvo problemas",0.3525992632
"Arequipa","ENE",2017,"Tuvo Problemas de Electricidad","Tuvo problemas",0.4390009642
"Arequipa","ENE",2017,"Tuvo Problemas de Electricidad","No tuvo problemas",0.5609990358
"Ayacucho","ENE",2017,"Tuvo Problemas de Electricidad","Tuvo problemas",0.7254088521
"Ayacucho","ENE",2017,"Tuvo Problemas de Electricidad","No tuvo problemas",0.2745911479
"Cajamarca","ENE",2017,"Tuvo Problemas de Electricidad","Tuvo problemas",0.3387410343
"Cajamarca","ENE",2017,"Tuvo Problemas de Electricidad","No tuvo problemas",0.6612589657
"Callao","ENE",2017,"Tuvo Problemas de Electricidad","Tuvo problemas",0.2688035071
"Callao","ENE",2017,"Tuvo Problemas de Electricidad","No tuvo problemas",0.7311964929
"Cusco","ENE",2017,"Tuvo Problemas de Electricidad","Tuvo problemas",0.4607283473
"Cusco","ENE",2017,"Tuvo Problemas de Electricidad","No tuvo problemas",0.5392716527
"Huancavelica","ENE",2017,"Tuvo Problemas de Electricidad","Tuvo problemas",0.41992184520000003
"Huancavelica","ENE",2017,"Tuvo Problemas de Electricidad","No tuvo problemas",0.5800781548
"Huanuco","ENE",2017,"Tuvo Problemas de Electricidad","Tuvo problemas",0.5368363261
"Huanuco","ENE",2017,"Tuvo Problemas de Electricidad","No tuvo problemas",0.4631636739
"Ica","ENE",2017,"Tuvo Problemas de Electricidad","Tuvo problemas",0.34936165809999997
"Ica","ENE",2017,"Tuvo Problemas de Electricidad","No tuvo problemas",0.6506383419
"Junin","ENE",2017,"Tuvo Problemas de Electricidad","Tuvo problemas",0.4752191007
"Junin","ENE",2017,"Tuvo Problemas de Electricidad","No tuvo problemas",0.5247808992999999
"La Libertad","ENE",2017,"Tuvo Problemas de Electricidad","Tuvo problemas",0.29760450120000004
"La Libertad","ENE",2017,"Tuvo Problemas de Electricidad","No tuvo problemas",0.7023954988000001
"Lambayeque","ENE",2017,"Tuvo Problemas de Electricidad","Tuvo problemas",0.2237851471
"Lambayeque","ENE",2017,"Tuvo Problemas de Electricidad","No tuvo problemas",0.7762148529
"Lima","ENE",2017,"Tuvo Problemas de Electricidad","Tuvo problemas",0.2465085685
"Lima","ENE",2017,"Tuvo Problemas de Electricidad","No tuvo problemas",0.7534914315
"Loreto","ENE",2017,"Tuvo Problemas de Electricidad","Tuvo problemas",0.5750284195
"Loreto","ENE",2017,"Tuvo Problemas de Electricidad","No tuvo problemas",0.4249715805
"Madre De Dios","ENE",2017,"Tuvo Problemas de Electricidad","Tuvo problemas",0.7622659206
"Madre De Dios","ENE",2017,"Tuvo Problemas de Electricidad","No tuvo problemas",0.23773407940000002
"Moquegua","ENE",2017,"Tuvo Problemas de Electricidad","Tuvo problemas",0.38159418110000004
"Moquegua","ENE",2017,"Tuvo Problemas de Electricidad","No tuvo problemas",0.6184058189
"Pasco","ENE",2017,"Tuvo Problemas de Electricidad","Tuvo problemas",0.47644689679999996
"Pasco","ENE",2017,"Tuvo Problemas de Electricidad","No tuvo problemas",0.5235531032
"Piura","ENE",2017,"Tuvo Problemas de Electricidad","Tuvo problemas",0.27396157379999997
"Piura","ENE",2017,"Tuvo Problemas de Electricidad","No tuvo problemas",0.7260384262
"Puno","ENE",2017,"Tuvo Problemas de Electricidad","Tuvo problemas",0.531924665
"Puno","ENE",2017,"Tuvo Problemas de Electricidad","No tuvo problemas",0.468075335
"San Martin","ENE",2017,"Tuvo Problemas de Electricidad","Tuvo problemas",0.4954393506
"San Martin","ENE",2017,"Tuvo Problemas de Electricidad","No tuvo problemas",0.5045606494
"Tacna","ENE",2017,"Tuvo Problemas de Electricidad","Tuvo problemas",0.22230580449999998
"Tacna","ENE",2017,"Tuvo Problemas de Electricidad","No tuvo problemas",0.7776941955
"Tumbes","ENE",2017,"Tuvo Problemas de Electricidad","Tuvo problemas",0.4585230947
"Tumbes","ENE",2017,"Tuvo Problemas de Electricidad","No tuvo problemas",0.5414769053
"Ucayali","ENE",2017,"Tuvo Problemas de Electricidad","Tuvo problemas",0.5240587592
"Ucayali","ENE",2017,"Tuvo Problemas de Electricidad","No tuvo problemas",0.4759412408
